1970-01-01 00:00:00,4.5,Tokyo
1970-01-01 00:00:00,4.8,Osaka
1970-02-01 00:00:00,6.0,Tokyo
1970-02-01 00:00:00,6.1,Osaka
1970-03-01 00:00:00,5.5,Tokyo
1970-03-01 00:00:00,6.1,Osaka
1970-04-01 00:00:00,13.0,Tokyo
1970-04-01 00:00:00,13.8,Osaka
1970-05-01 00:00:00,19.6,Tokyo
1970-05-01 00:00:00,19.4,Osaka
1970-06-01 00:00:00,20.7,Tokyo
1970-06-01 00:00:00,21.2,Osaka
1970-07-01 00:00:00,25.4,Tokyo
1970-07-01 00:00:00,27.0,Osaka
1970-08-01 00:00:00,27.4,Tokyo
1970-08-01 00:00:00,28.2,Osaka
1970-09-01 00:00:00,24.0,Tokyo
1970-09-01 00:00:00,25.3,Osaka
1970-10-01 00:00:00,17.2,Tokyo
1970-10-01 00:00:00,18.4,Osaka
1970-11-01 00:00:00,12.3,Tokyo
1970-11-01 00:00:00,12.4,Osaka
1970-12-01 00:00:00,6.8,Tokyo
1970-12-01 00:00:00,7.7,Osaka
1971-01-01 00:00:00,5.1,Tokyo
1971-01-01 00:00:00,5.5,Osaka
1971-02-01 00:00:00,5.9,Tokyo
1971-02-01 00:00:00,5.6,Osaka
1971-03-01 00:00:00,8.3,Tokyo
1971-03-01 00:00:00,7.3,Osaka
1971-04-01 00:00:00,13.5,Tokyo
1971-04-01 00:00:00,13.7,Osaka
1971-05-01 00:00:00,17.4,Tokyo
1971-05-01 00:00:00,18.2,Osaka
1971-06-01 00:00:00,21.3,Tokyo
1971-06-01 00:00:00,22.3,Osaka
1971-07-01 00:00:00,25.8,Tokyo
1971-07-01 00:00:00,26.9,Osaka
1971-08-01 00:00:00,26.7,Tokyo
1971-08-01 00:00:00,27.4,Osaka
1971-09-01 00:00:00,21.1,Tokyo
1971-09-01 00:00:00,23.3,Osaka
1971-10-01 00:00:00,15.5,Tokyo
1971-10-01 00:00:00,16.6,Osaka
1971-11-01 00:00:00,11.9,Tokyo
1971-11-01 00:00:00,12.7,Osaka
1971-12-01 00:00:00,7.9,Tokyo
1971-12-01 00:00:00,8.2,Osaka
1972-01-01 00:00:00,6.6,Tokyo
1972-01-01 00:00:00,7.4,Osaka
1972-02-01 00:00:00,5.1,Tokyo
1972-02-01 00:00:00,5.7,Osaka
1972-03-01 00:00:00,9.7,Tokyo
1972-03-01 00:00:00,8.9,Osaka
1972-04-01 00:00:00,13.4,Tokyo
1972-04-01 00:00:00,13.8,Osaka
1972-05-01 00:00:00,18.6,Tokyo
1972-05-01 00:00:00,18.1,Osaka
1972-06-01 00:00:00,21.4,Tokyo
1972-06-01 00:00:00,21.6,Osaka
1972-07-01 00:00:00,25.2,Tokyo
1972-07-01 00:00:00,26.1,Osaka
1972-08-01 00:00:00,26.6,Tokyo
1972-08-01 00:00:00,27.0,Osaka
1972-09-01 00:00:00,23.1,Tokyo
1972-09-01 00:00:00,22.7,Osaka
1972-10-01 00:00:00,18.5,Tokyo
1972-10-01 00:00:00,17.8,Osaka
1972-11-01 00:00:00,12.3,Tokyo
1972-11-01 00:00:00,11.8,Osaka
1972-12-01 00:00:00,8.1,Tokyo
1972-12-01 00:00:00,7.9,Osaka
1973-01-01 00:00:00,6.3,Tokyo
1973-01-01 00:00:00,6.4,Osaka
1973-02-01 00:00:00,6.9,Tokyo
1973-02-01 00:00:00,7.1,Osaka
1973-03-01 00:00:00,7.8,Tokyo
1973-03-01 00:00:00,8.2,Osaka
1973-04-01 00:00:00,15.3,Tokyo
1973-04-01 00:00:00,16.3,Osaka
1973-05-01 00:00:00,17.9,Tokyo
1973-05-01 00:00:00,18.8,Osaka
1973-06-01 00:00:00,19.8,Tokyo
1973-06-01 00:00:00,22.2,Osaka
1973-07-01 00:00:00,26.1,Tokyo
1973-07-01 00:00:00,28.3,Osaka
1973-08-01 00:00:00,28.5,Tokyo
1973-08-01 00:00:00,28.8,Osaka
1973-09-01 00:00:00,23.2,Tokyo
1973-09-01 00:00:00,23.3,Osaka
1973-10-01 00:00:00,17.4,Tokyo
1973-10-01 00:00:00,17.9,Osaka
1973-11-01 00:00:00,12.1,Tokyo
1973-11-01 00:00:00,11.6,Osaka
1973-12-01 00:00:00,6.6,Tokyo
1973-12-01 00:00:00,5.6,Osaka
1974-01-01 00:00:00,4.4,Tokyo
1974-01-01 00:00:00,4.3,Osaka
1974-02-01 00:00:00,5.1,Tokyo
1974-02-01 00:00:00,5.0,Osaka
1974-03-01 00:00:00,7.3,Tokyo
1974-03-01 00:00:00,8.0,Osaka
1974-04-01 00:00:00,14.8,Tokyo
1974-04-01 00:00:00,15.3,Osaka
1974-05-01 00:00:00,19.3,Tokyo
1974-05-01 00:00:00,20.0,Osaka
1974-06-01 00:00:00,21.9,Tokyo
1974-06-01 00:00:00,23.5,Osaka
1974-07-01 00:00:00,23.4,Tokyo
1974-07-01 00:00:00,25.8,Osaka
1974-08-01 00:00:00,27.1,Tokyo
1974-08-01 00:00:00,28.1,Osaka
1974-09-01 00:00:00,22.8,Tokyo
1974-09-01 00:00:00,23.1,Osaka
1974-10-01 00:00:00,17.8,Tokyo
1974-10-01 00:00:00,18.2,Osaka
1974-11-01 00:00:00,11.7,Tokyo
1974-11-01 00:00:00,11.7,Osaka
1974-12-01 00:00:00,6.7,Tokyo
1974-12-01 00:00:00,7.6,Osaka
1975-01-01 00:00:00,4.7,Tokyo
1975-01-01 00:00:00,4.8,Osaka
1975-02-01 00:00:00,5.1,Tokyo
1975-02-01 00:00:00,4.6,Osaka
1975-03-01 00:00:00,7.9,Tokyo
1975-03-01 00:00:00,8.4,Osaka
1975-04-01 00:00:00,14.3,Tokyo
1975-04-01 00:00:00,14.8,Osaka
1975-05-01 00:00:00,18.6,Tokyo
1975-05-01 00:00:00,19.3,Osaka
1975-06-01 00:00:00,21.6,Tokyo
1975-06-01 00:00:00,23.4,Osaka
1975-07-01 00:00:00,25.6,Tokyo
1975-07-01 00:00:00,27.6,Osaka
1975-08-01 00:00:00,27.3,Tokyo
1975-08-01 00:00:00,27.7,Osaka
1975-09-01 00:00:00,25.2,Tokyo
1975-09-01 00:00:00,25.9,Osaka
1975-10-01 00:00:00,17.3,Tokyo
1975-10-01 00:00:00,18.5,Osaka
1975-11-01 00:00:00,12.7,Tokyo
1975-11-01 00:00:00,13.4,Osaka
1975-12-01 00:00:00,6.7,Tokyo
1975-12-01 00:00:00,7.7,Osaka
1976-01-01 00:00:00,5.4,Tokyo
1976-01-01 00:00:00,5.2,Osaka
1976-02-01 00:00:00,6.8,Tokyo
1976-02-01 00:00:00,7.8,Osaka
1976-03-01 00:00:00,9.0,Tokyo
1976-03-01 00:00:00,8.9,Osaka
1976-04-01 00:00:00,13.0,Tokyo
1976-04-01 00:00:00,14.3,Osaka
1976-05-01 00:00:00,17.7,Tokyo
1976-05-01 00:00:00,18.9,Osaka
1976-06-01 00:00:00,21.5,Tokyo
1976-06-01 00:00:00,22.8,Osaka
1976-07-01 00:00:00,23.9,Tokyo
1976-07-01 00:00:00,26.1,Osaka
1976-08-01 00:00:00,25.1,Tokyo
1976-08-01 00:00:00,27.4,Osaka
1976-09-01 00:00:00,22.0,Tokyo
1976-09-01 00:00:00,22.2,Osaka
1976-10-01 00:00:00,17.5,Tokyo
1976-10-01 00:00:00,18.0,Osaka
1976-11-01 00:00:00,11.2,Tokyo
1976-11-01 00:00:00,11.5,Osaka
1976-12-01 00:00:00,7.3,Tokyo
1976-12-01 00:00:00,7.5,Osaka
1977-01-01 00:00:00,3.4,Tokyo
1977-01-01 00:00:00,4.0,Osaka
1977-02-01 00:00:00,4.9,Tokyo
1977-02-01 00:00:00,4.3,Osaka
1977-03-01 00:00:00,9.3,Tokyo
1977-03-01 00:00:00,9.9,Osaka
1977-04-01 00:00:00,15.1,Tokyo
1977-04-01 00:00:00,15.5,Osaka
1977-05-01 00:00:00,18.7,Tokyo
1977-05-01 00:00:00,19.5,Osaka
1977-06-01 00:00:00,20.9,Tokyo
1977-06-01 00:00:00,22.7,Osaka
1977-07-01 00:00:00,25.8,Tokyo
1977-07-01 00:00:00,28.1,Osaka
1977-08-01 00:00:00,25.0,Tokyo
1977-08-01 00:00:00,27.8,Osaka
1977-09-01 00:00:00,24.3,Tokyo
1977-09-01 00:00:00,25.0,Osaka
1977-10-01 00:00:00,18.7,Tokyo
1977-10-01 00:00:00,19.7,Osaka
1977-11-01 00:00:00,14.8,Tokyo
1977-11-01 00:00:00,14.6,Osaka
1977-12-01 00:00:00,8.9,Tokyo
1977-12-01 00:00:00,9.5,Osaka
1978-01-01 00:00:00,5.6,Tokyo
1978-01-01 00:00:00,6.2,Osaka
1978-02-01 00:00:00,4.2,Tokyo
1978-02-01 00:00:00,4.9,Osaka
1978-03-01 00:00:00,8.7,Tokyo
1978-03-01 00:00:00,8.7,Osaka
1978-04-01 00:00:00,13.9,Tokyo
1978-04-01 00:00:00,14.5,Osaka
1978-05-01 00:00:00,19.0,Tokyo
1978-05-01 00:00:00,19.7,Osaka
1978-06-01 00:00:00,23.8,Tokyo
1978-06-01 00:00:00,23.8,Osaka
1978-07-01 00:00:00,27.8,Tokyo
1978-07-01 00:00:00,28.8,Osaka
1978-08-01 00:00:00,28.9,Tokyo
1978-08-01 00:00:00,29.6,Osaka
1978-09-01 00:00:00,22.2,Tokyo
1978-09-01 00:00:00,25.2,Osaka
1978-10-01 00:00:00,17.3,Tokyo
1978-10-01 00:00:00,18.6,Osaka
1978-11-01 00:00:00,12.9,Tokyo
1978-11-01 00:00:00,13.1,Osaka
1978-12-01 00:00:00,8.5,Tokyo
1978-12-01 00:00:00,9.0,Osaka
1979-01-01 00:00:00,6.6,Tokyo
1979-01-01 00:00:00,7.2,Osaka
1979-02-01 00:00:00,8.4,Tokyo
1979-02-01 00:00:00,8.5,Osaka
1979-03-01 00:00:00,9.9,Tokyo
1979-03-01 00:00:00,9.2,Osaka
1979-04-01 00:00:00,13.9,Tokyo
1979-04-01 00:00:00,13.9,Osaka
1979-05-01 00:00:00,18.6,Tokyo
1979-05-01 00:00:00,19.0,Osaka
1979-06-01 00:00:00,24.4,Tokyo
1979-06-01 00:00:00,24.5,Osaka
1979-07-01 00:00:00,25.2,Tokyo
1979-07-01 00:00:00,26.5,Osaka
1979-08-01 00:00:00,27.4,Tokyo
1979-08-01 00:00:00,29.1,Osaka
1979-09-01 00:00:00,24.1,Tokyo
1979-09-01 00:00:00,24.7,Osaka
1979-10-01 00:00:00,19.6,Tokyo
1979-10-01 00:00:00,19.7,Osaka
1979-11-01 00:00:00,14.3,Tokyo
1979-11-01 00:00:00,13.9,Osaka
1979-12-01 00:00:00,10.1,Tokyo
1979-12-01 00:00:00,9.2,Osaka
1980-01-01 00:00:00,5.6,Tokyo
1980-01-01 00:00:00,5.7,Osaka
1980-02-01 00:00:00,5.2,Tokyo
1980-02-01 00:00:00,4.8,Osaka
1980-03-01 00:00:00,8.2,Tokyo
1980-03-01 00:00:00,8.5,Osaka
1980-04-01 00:00:00,13.6,Tokyo
1980-04-01 00:00:00,13.9,Osaka
1980-05-01 00:00:00,19.2,Tokyo
1980-05-01 00:00:00,19.5,Osaka
1980-06-01 00:00:00,23.6,Tokyo
1980-06-01 00:00:00,23.9,Osaka
1980-07-01 00:00:00,23.8,Tokyo
1980-07-01 00:00:00,25.8,Osaka
1980-08-01 00:00:00,23.4,Tokyo
1980-08-01 00:00:00,26.6,Osaka
1980-09-01 00:00:00,23.0,Tokyo
1980-09-01 00:00:00,23.3,Osaka
1980-10-01 00:00:00,18.2,Tokyo
1980-10-01 00:00:00,18.7,Osaka
1980-11-01 00:00:00,13.0,Tokyo
1980-11-01 00:00:00,13.7,Osaka
1980-12-01 00:00:00,7.7,Tokyo
1980-12-01 00:00:00,6.8,Osaka
1981-01-01 00:00:00,4.4,Tokyo
1981-01-01 00:00:00,3.7,Osaka
1981-02-01 00:00:00,5.3,Tokyo
1981-02-01 00:00:00,5.1,Osaka
1981-03-01 00:00:00,9.0,Tokyo
1981-03-01 00:00:00,9.3,Osaka
1981-04-01 00:00:00,13.9,Tokyo
1981-04-01 00:00:00,14.4,Osaka
1981-05-01 00:00:00,17.5,Tokyo
1981-05-01 00:00:00,18.5,Osaka
1981-06-01 00:00:00,20.2,Tokyo
1981-06-01 00:00:00,23.2,Osaka
1981-07-01 00:00:00,26.3,Tokyo
1981-07-01 00:00:00,28.3,Osaka
1981-08-01 00:00:00,26.2,Tokyo
1981-08-01 00:00:00,27.4,Osaka
1981-09-01 00:00:00,21.8,Tokyo
1981-09-01 00:00:00,23.1,Osaka
1981-10-01 00:00:00,17.6,Tokyo
1981-10-01 00:00:00,17.6,Osaka
1981-11-01 00:00:00,10.4,Tokyo
1981-11-01 00:00:00,11.1,Osaka
1981-12-01 00:00:00,7.6,Tokyo
1981-12-01 00:00:00,7.6,Osaka
1982-01-01 00:00:00,5.8,Tokyo
1982-01-01 00:00:00,5.3,Osaka
1982-02-01 00:00:00,5.5,Tokyo
1982-02-01 00:00:00,5.5,Osaka
1982-03-01 00:00:00,9.9,Tokyo
1982-03-01 00:00:00,9.7,Osaka
1982-04-01 00:00:00,14.0,Tokyo
1982-04-01 00:00:00,14.0,Osaka
1982-05-01 00:00:00,20.7,Tokyo
1982-05-01 00:00:00,20.5,Osaka
1982-06-01 00:00:00,21.4,Tokyo
1982-06-01 00:00:00,22.3,Osaka
1982-07-01 00:00:00,23.1,Tokyo
1982-07-01 00:00:00,24.7,Osaka
1982-08-01 00:00:00,27.1,Tokyo
1982-08-01 00:00:00,27.2,Osaka
1982-09-01 00:00:00,22.3,Tokyo
1982-09-01 00:00:00,22.9,Osaka
1982-10-01 00:00:00,18.0,Tokyo
1982-10-01 00:00:00,18.4,Osaka
1982-11-01 00:00:00,14.3,Tokyo
1982-11-01 00:00:00,14.5,Osaka
1982-12-01 00:00:00,9.5,Tokyo
1982-12-01 00:00:00,8.6,Osaka
1983-01-01 00:00:00,6.2,Tokyo
1983-01-01 00:00:00,6.1,Osaka
1983-02-01 00:00:00,6.1,Tokyo
1983-02-01 00:00:00,5.6,Osaka
1983-03-01 00:00:00,8.6,Tokyo
1983-03-01 00:00:00,8.7,Osaka
1983-04-01 00:00:00,15.9,Tokyo
1983-04-01 00:00:00,16.5,Osaka
1983-05-01 00:00:00,19.7,Tokyo
1983-05-01 00:00:00,20.1,Osaka
1983-06-01 00:00:00,20.5,Tokyo
1983-06-01 00:00:00,22.5,Osaka
1983-07-01 00:00:00,23.8,Tokyo
1983-07-01 00:00:00,26.7,Osaka
1983-08-01 00:00:00,27.5,Tokyo
1983-08-01 00:00:00,29.4,Osaka
1983-09-01 00:00:00,23.1,Tokyo
1983-09-01 00:00:00,24.9,Osaka
1983-10-01 00:00:00,17.7,Tokyo
1983-10-01 00:00:00,17.9,Osaka
1983-11-01 00:00:00,12.3,Tokyo
1983-11-01 00:00:00,12.6,Osaka
1983-12-01 00:00:00,7.1,Tokyo
1983-12-01 00:00:00,6.9,Osaka
1984-01-01 00:00:00,3.7,Tokyo
1984-01-01 00:00:00,3.6,Osaka
1984-02-01 00:00:00,3.0,Tokyo
1984-02-01 00:00:00,3.3,Osaka
1984-03-01 00:00:00,5.9,Tokyo
1984-03-01 00:00:00,6.0,Osaka
1984-04-01 00:00:00,11.6,Tokyo
1984-04-01 00:00:00,13.7,Osaka
1984-05-01 00:00:00,17.2,Tokyo
1984-05-01 00:00:00,18.9,Osaka
1984-06-01 00:00:00,21.8,Tokyo
1984-06-01 00:00:00,24.0,Osaka
1984-07-01 00:00:00,26.2,Tokyo
1984-07-01 00:00:00,27.5,Osaka
1984-08-01 00:00:00,28.6,Tokyo
1984-08-01 00:00:00,29.4,Osaka
1984-09-01 00:00:00,23.5,Tokyo
1984-09-01 00:00:00,24.1,Osaka
1984-10-01 00:00:00,17.7,Tokyo
1984-10-01 00:00:00,17.8,Osaka
1984-11-01 00:00:00,12.2,Tokyo
1984-11-01 00:00:00,13.6,Osaka
1984-12-01 00:00:00,7.7,Tokyo
1984-12-01 00:00:00,7.9,Osaka
1985-01-01 00:00:00,4.1,Tokyo
1985-01-01 00:00:00,4.3,Osaka
1985-02-01 00:00:00,6.5,Tokyo
1985-02-01 00:00:00,6.6,Osaka
1985-03-01 00:00:00,7.8,Tokyo
1985-03-01 00:00:00,9.3,Osaka
1985-04-01 00:00:00,14.2,Tokyo
1985-04-01 00:00:00,15.5,Osaka
1985-05-01 00:00:00,19.1,Tokyo
1985-05-01 00:00:00,20.1,Osaka
1985-06-01 00:00:00,20.2,Tokyo
1985-06-01 00:00:00,22.5,Osaka
1985-07-01 00:00:00,26.3,Tokyo
1985-07-01 00:00:00,27.6,Osaka
1985-08-01 00:00:00,27.9,Tokyo
1985-08-01 00:00:00,29.2,Osaka
1985-09-01 00:00:00,23.1,Tokyo
1985-09-01 00:00:00,25.3,Osaka
1985-10-01 00:00:00,17.9,Tokyo
1985-10-01 00:00:00,19.0,Osaka
1985-11-01 00:00:00,13.3,Tokyo
1985-11-01 00:00:00,12.8,Osaka
1985-12-01 00:00:00,7.4,Tokyo
1985-12-01 00:00:00,6.6,Osaka
1986-01-01 00:00:00,4.5,Tokyo
1986-01-01 00:00:00,4.2,Osaka
1986-02-01 00:00:00,4.3,Tokyo
1986-02-01 00:00:00,3.8,Osaka
1986-03-01 00:00:00,7.8,Tokyo
1986-03-01 00:00:00,8.3,Osaka
1986-04-01 00:00:00,13.9,Tokyo
1986-04-01 00:00:00,14.8,Osaka
1986-05-01 00:00:00,17.9,Tokyo
1986-05-01 00:00:00,18.6,Osaka
1986-06-01 00:00:00,21.1,Tokyo
1986-06-01 00:00:00,23.0,Osaka
1986-07-01 00:00:00,23.9,Tokyo
1986-07-01 00:00:00,26.4,Osaka
1986-08-01 00:00:00,26.8,Tokyo
1986-08-01 00:00:00,28.2,Osaka
1986-09-01 00:00:00,23.7,Tokyo
1986-09-01 00:00:00,24.5,Osaka
1986-10-01 00:00:00,17.1,Tokyo
1986-10-01 00:00:00,17.0,Osaka
1986-11-01 00:00:00,12.3,Tokyo
1986-11-01 00:00:00,12.4,Osaka
1986-12-01 00:00:00,8.5,Tokyo
1986-12-01 00:00:00,8.9,Osaka
1987-01-01 00:00:00,5.8,Tokyo
1987-01-01 00:00:00,6.2,Osaka
1987-02-01 00:00:00,6.8,Tokyo
1987-02-01 00:00:00,6.5,Osaka
1987-03-01 00:00:00,9.3,Tokyo
1987-03-01 00:00:00,8.9,Osaka
1987-04-01 00:00:00,14.4,Tokyo
1987-04-01 00:00:00,14.2,Osaka
1987-05-01 00:00:00,19.3,Tokyo
1987-05-01 00:00:00,19.3,Osaka
1987-06-01 00:00:00,22.1,Tokyo
1987-06-01 00:00:00,23.8,Osaka
1987-07-01 00:00:00,27.0,Tokyo
1987-07-01 00:00:00,27.6,Osaka
1987-08-01 00:00:00,27.3,Tokyo
1987-08-01 00:00:00,28.7,Osaka
1987-09-01 00:00:00,23.3,Tokyo
1987-09-01 00:00:00,24.4,Osaka
1987-10-01 00:00:00,18.9,Tokyo
1987-10-01 00:00:00,19.6,Osaka
1987-11-01 00:00:00,12.8,Tokyo
1987-11-01 00:00:00,13.4,Osaka
1987-12-01 00:00:00,8.1,Tokyo
1987-12-01 00:00:00,8.7,Osaka
1988-01-01 00:00:00,7.7,Tokyo
1988-01-01 00:00:00,7.2,Osaka
1988-02-01 00:00:00,4.9,Tokyo
1988-02-01 00:00:00,5.0,Osaka
1988-03-01 00:00:00,8.4,Tokyo
1988-03-01 00:00:00,8.4,Osaka
1988-04-01 00:00:00,14.3,Tokyo
1988-04-01 00:00:00,14.3,Osaka
1988-05-01 00:00:00,18.2,Tokyo
1988-05-01 00:00:00,19.0,Osaka
1988-06-01 00:00:00,22.3,Tokyo
1988-06-01 00:00:00,23.3,Osaka
1988-07-01 00:00:00,22.4,Tokyo
1988-07-01 00:00:00,26.0,Osaka
1988-08-01 00:00:00,27.0,Tokyo
1988-08-01 00:00:00,27.9,Osaka
1988-09-01 00:00:00,22.8,Tokyo
1988-09-01 00:00:00,24.8,Osaka
1988-10-01 00:00:00,17.5,Tokyo
1988-10-01 00:00:00,17.8,Osaka
1988-11-01 00:00:00,11.4,Tokyo
1988-11-01 00:00:00,11.5,Osaka
1988-12-01 00:00:00,8.4,Tokyo
1988-12-01 00:00:00,7.6,Osaka
1989-01-01 00:00:00,8.1,Tokyo
1989-01-01 00:00:00,7.8,Osaka
1989-02-01 00:00:00,7.5,Tokyo
1989-02-01 00:00:00,7.6,Osaka
1989-03-01 00:00:00,9.6,Tokyo
1989-03-01 00:00:00,9.5,Osaka
1989-04-01 00:00:00,15.6,Tokyo
1989-04-01 00:00:00,15.5,Osaka
1989-05-01 00:00:00,17.7,Tokyo
1989-05-01 00:00:00,18.8,Osaka
1989-06-01 00:00:00,20.7,Tokyo
1989-06-01 00:00:00,22.6,Osaka
1989-07-01 00:00:00,24.1,Tokyo
1989-07-01 00:00:00,26.7,Osaka
1989-08-01 00:00:00,27.1,Tokyo
1989-08-01 00:00:00,28.0,Osaka
1989-09-01 00:00:00,25.2,Tokyo
1989-09-01 00:00:00,24.9,Osaka
1989-10-01 00:00:00,17.5,Tokyo
1989-10-01 00:00:00,18.2,Osaka
1989-11-01 00:00:00,14.2,Tokyo
1989-11-01 00:00:00,14.1,Osaka
1989-12-01 00:00:00,9.2,Tokyo
1989-12-01 00:00:00,8.5,Osaka
1990-01-01 00:00:00,5.0,Tokyo
1990-01-01 00:00:00,5.7,Osaka
1990-02-01 00:00:00,7.8,Tokyo
1990-02-01 00:00:00,8.7,Osaka
1990-03-01 00:00:00,10.6,Tokyo
1990-03-01 00:00:00,10.4,Osaka
1990-04-01 00:00:00,14.7,Tokyo
1990-04-01 00:00:00,14.9,Osaka
1990-05-01 00:00:00,19.2,Tokyo
1990-05-01 00:00:00,19.1,Osaka
1990-06-01 00:00:00,23.5,Tokyo
1990-06-01 00:00:00,24.5,Osaka
1990-07-01 00:00:00,25.7,Tokyo
1990-07-01 00:00:00,28.0,Osaka
1990-08-01 00:00:00,28.6,Tokyo
1990-08-01 00:00:00,29.5,Osaka
1990-09-01 00:00:00,24.8,Tokyo
1990-09-01 00:00:00,25.4,Osaka
1990-10-01 00:00:00,19.2,Tokyo
1990-10-01 00:00:00,18.9,Osaka
1990-11-01 00:00:00,15.1,Tokyo
1990-11-01 00:00:00,14.8,Osaka
1990-12-01 00:00:00,10.0,Tokyo
1990-12-01 00:00:00,9.4,Osaka
1991-01-01 00:00:00,6.3,Tokyo
1991-01-01 00:00:00,6.4,Osaka
1991-02-01 00:00:00,6.5,Tokyo
1991-02-01 00:00:00,5.8,Osaka
1991-03-01 00:00:00,9.5,Tokyo
1991-03-01 00:00:00,10.2,Osaka
1991-04-01 00:00:00,15.4,Tokyo
1991-04-01 00:00:00,15.9,Osaka
1991-05-01 00:00:00,18.8,Tokyo
1991-05-01 00:00:00,19.2,Osaka
1991-06-01 00:00:00,23.6,Tokyo
1991-06-01 00:00:00,24.4,Osaka
1991-07-01 00:00:00,26.7,Tokyo
1991-07-01 00:00:00,28.1,Osaka
1991-08-01 00:00:00,25.5,Tokyo
1991-08-01 00:00:00,28.1,Osaka
1991-09-01 00:00:00,23.9,Tokyo
1991-09-01 00:00:00,25.6,Osaka
1991-10-01 00:00:00,18.1,Tokyo
1991-10-01 00:00:00,18.7,Osaka
1991-11-01 00:00:00,13.0,Tokyo
1991-11-01 00:00:00,13.3,Osaka
1991-12-01 00:00:00,9.2,Tokyo
1991-12-01 00:00:00,9.8,Osaka
1992-01-01 00:00:00,6.8,Tokyo
1992-01-01 00:00:00,7.4,Osaka
1992-02-01 00:00:00,6.9,Tokyo
1992-02-01 00:00:00,6.5,Osaka
1992-03-01 00:00:00,9.7,Tokyo
1992-03-01 00:00:00,10.5,Osaka
1992-04-01 00:00:00,15.1,Tokyo
1992-04-01 00:00:00,15.3,Osaka
1992-05-01 00:00:00,17.3,Tokyo
1992-05-01 00:00:00,18.3,Osaka
1992-06-01 00:00:00,20.6,Tokyo
1992-06-01 00:00:00,22.4,Osaka
1992-07-01 00:00:00,25.5,Tokyo
1992-07-01 00:00:00,27.0,Osaka
1992-08-01 00:00:00,27.0,Tokyo
1992-08-01 00:00:00,28.2,Osaka
1992-09-01 00:00:00,23.3,Tokyo
1992-09-01 00:00:00,24.5,Osaka
1992-10-01 00:00:00,17.3,Tokyo
1992-10-01 00:00:00,19.2,Osaka
1992-11-01 00:00:00,13.0,Tokyo
1992-11-01 00:00:00,13.4,Osaka
1992-12-01 00:00:00,9.4,Tokyo
1992-12-01 00:00:00,9.6,Osaka
1993-01-01 00:00:00,6.2,Tokyo
1993-01-01 00:00:00,6.9,Osaka
1993-02-01 00:00:00,7.7,Tokyo
1993-02-01 00:00:00,7.5,Osaka
1993-03-01 00:00:00,8.7,Tokyo
1993-03-01 00:00:00,8.7,Osaka
1993-04-01 00:00:00,13.4,Tokyo
1993-04-01 00:00:00,14.4,Osaka
1993-05-01 00:00:00,18.1,Tokyo
1993-05-01 00:00:00,18.9,Osaka
1993-06-01 00:00:00,21.7,Tokyo
1993-06-01 00:00:00,22.7,Osaka
1993-07-01 00:00:00,22.5,Tokyo
1993-07-01 00:00:00,25.4,Osaka
1993-08-01 00:00:00,24.8,Tokyo
1993-08-01 00:00:00,26.6,Osaka
1993-09-01 00:00:00,22.9,Tokyo
1993-09-01 00:00:00,23.3,Osaka
1993-10-01 00:00:00,17.5,Tokyo
1993-10-01 00:00:00,17.9,Osaka
1993-11-01 00:00:00,14.1,Tokyo
1993-11-01 00:00:00,14.7,Osaka
1993-12-01 00:00:00,8.5,Tokyo
1993-12-01 00:00:00,8.4,Osaka
1994-01-01 00:00:00,5.5,Tokyo
1994-01-01 00:00:00,6.1,Osaka
1994-02-01 00:00:00,6.6,Tokyo
1994-02-01 00:00:00,6.2,Osaka
1994-03-01 00:00:00,8.1,Tokyo
1994-03-01 00:00:00,8.3,Osaka
1994-04-01 00:00:00,15.8,Tokyo
1994-04-01 00:00:00,16.5,Osaka
1994-05-01 00:00:00,19.5,Tokyo
1994-05-01 00:00:00,20.7,Osaka
1994-06-01 00:00:00,22.4,Tokyo
1994-06-01 00:00:00,24.2,Osaka
1994-07-01 00:00:00,28.3,Tokyo
1994-07-01 00:00:00,29.9,Osaka
1994-08-01 00:00:00,28.9,Tokyo
1994-08-01 00:00:00,30.2,Osaka
1994-09-01 00:00:00,24.8,Tokyo
1994-09-01 00:00:00,26.0,Osaka
1994-10-01 00:00:00,20.2,Tokyo
1994-10-01 00:00:00,20.8,Osaka
1994-11-01 00:00:00,13.4,Tokyo
1994-11-01 00:00:00,14.6,Osaka
1994-12-01 00:00:00,9.0,Tokyo
1994-12-01 00:00:00,9.3,Osaka
1995-01-01 00:00:00,6.3,Tokyo
1995-01-01 00:00:00,6.1,Osaka
1995-02-01 00:00:00,6.5,Tokyo
1995-02-01 00:00:00,6.2,Osaka
1995-03-01 00:00:00,8.9,Tokyo
1995-03-01 00:00:00,9.8,Osaka
1995-04-01 00:00:00,15.0,Tokyo
1995-04-01 00:00:00,14.6,Osaka
1995-05-01 00:00:00,19.1,Tokyo
1995-05-01 00:00:00,18.9,Osaka
1995-06-01 00:00:00,20.4,Tokyo
1995-06-01 00:00:00,22.1,Osaka
1995-07-01 00:00:00,26.4,Tokyo
1995-07-01 00:00:00,27.5,Osaka
1995-08-01 00:00:00,29.4,Tokyo
1995-08-01 00:00:00,30.3,Osaka
1995-09-01 00:00:00,23.7,Tokyo
1995-09-01 00:00:00,24.2,Osaka
1995-10-01 00:00:00,19.5,Tokyo
1995-10-01 00:00:00,19.9,Osaka
1995-11-01 00:00:00,12.7,Tokyo
1995-11-01 00:00:00,12.1,Osaka
1995-12-01 00:00:00,7.7,Tokyo
1995-12-01 00:00:00,7.2,Osaka
1996-01-01 00:00:00,6.6,Tokyo
1996-01-01 00:00:00,6.3,Osaka
1996-02-01 00:00:00,5.4,Tokyo
1996-02-01 00:00:00,5.2,Osaka
1996-03-01 00:00:00,9.2,Tokyo
1996-03-01 00:00:00,8.9,Osaka
1996-04-01 00:00:00,12.7,Tokyo
1996-04-01 00:00:00,12.7,Osaka
1996-05-01 00:00:00,18.1,Tokyo
1996-05-01 00:00:00,19.6,Osaka
1996-06-01 00:00:00,22.6,Tokyo
1996-06-01 00:00:00,23.4,Osaka
1996-07-01 00:00:00,26.2,Tokyo
1996-07-01 00:00:00,27.5,Osaka
1996-08-01 00:00:00,26.0,Tokyo
1996-08-01 00:00:00,28.3,Osaka
1996-09-01 00:00:00,22.4,Tokyo
1996-09-01 00:00:00,23.3,Osaka
1996-10-01 00:00:00,18.0,Tokyo
1996-10-01 00:00:00,18.5,Osaka
1996-11-01 00:00:00,13.2,Tokyo
1996-11-01 00:00:00,13.7,Osaka
1996-12-01 00:00:00,9.3,Tokyo
1996-12-01 00:00:00,8.7,Osaka
1997-01-01 00:00:00,6.8,Tokyo
1997-01-01 00:00:00,6.0,Osaka
1997-02-01 00:00:00,7.0,Tokyo
1997-02-01 00:00:00,5.8,Osaka
1997-03-01 00:00:00,10.5,Tokyo
1997-03-01 00:00:00,10.1,Osaka
1997-04-01 00:00:00,15.2,Tokyo
1997-04-01 00:00:00,15.1,Osaka
1997-05-01 00:00:00,19.2,Tokyo
1997-05-01 00:00:00,19.9,Osaka
1997-06-01 00:00:00,22.7,Tokyo
1997-06-01 00:00:00,23.7,Osaka
1997-07-01 00:00:00,26.6,Tokyo
1997-07-01 00:00:00,26.7,Osaka
1997-08-01 00:00:00,27.0,Tokyo
1997-08-01 00:00:00,28.5,Osaka
1997-09-01 00:00:00,22.9,Tokyo
1997-09-01 00:00:00,24.3,Osaka
1997-10-01 00:00:00,18.7,Tokyo
1997-10-01 00:00:00,18.2,Osaka
1997-11-01 00:00:00,14.3,Tokyo
1997-11-01 00:00:00,14.1,Osaka
1997-12-01 00:00:00,9.2,Tokyo
1997-12-01 00:00:00,8.9,Osaka
1998-01-01 00:00:00,5.3,Tokyo
1998-01-01 00:00:00,5.9,Osaka
1998-02-01 00:00:00,7.0,Tokyo
1998-02-01 00:00:00,7.8,Osaka
1998-03-01 00:00:00,10.1,Tokyo
1998-03-01 00:00:00,10.6,Osaka
1998-04-01 00:00:00,16.3,Tokyo
1998-04-01 00:00:00,17.7,Osaka
1998-05-01 00:00:00,20.5,Tokyo
1998-05-01 00:00:00,21.6,Osaka
1998-06-01 00:00:00,21.5,Tokyo
1998-06-01 00:00:00,23.3,Osaka
1998-07-01 00:00:00,25.3,Tokyo
1998-07-01 00:00:00,27.8,Osaka
1998-08-01 00:00:00,27.2,Tokyo
1998-08-01 00:00:00,29.4,Osaka
1998-09-01 00:00:00,24.4,Tokyo
1998-09-01 00:00:00,25.6,Osaka
1998-10-01 00:00:00,20.1,Tokyo
1998-10-01 00:00:00,20.8,Osaka
1998-11-01 00:00:00,13.9,Tokyo
1998-11-01 00:00:00,13.7,Osaka
1998-12-01 00:00:00,9.0,Tokyo
1998-12-01 00:00:00,9.8,Osaka
1999-01-01 00:00:00,6.6,Tokyo
1999-01-01 00:00:00,6.4,Osaka
1999-02-01 00:00:00,6.7,Tokyo
1999-02-01 00:00:00,5.9,Osaka
1999-03-01 00:00:00,10.1,Tokyo
1999-03-01 00:00:00,10.6,Osaka
1999-04-01 00:00:00,15.0,Tokyo
1999-04-01 00:00:00,14.7,Osaka
1999-05-01 00:00:00,19.9,Tokyo
1999-05-01 00:00:00,20.5,Osaka
1999-06-01 00:00:00,22.8,Tokyo
1999-06-01 00:00:00,23.5,Osaka
1999-07-01 00:00:00,25.9,Tokyo
1999-07-01 00:00:00,26.8,Osaka
1999-08-01 00:00:00,28.5,Tokyo
1999-08-01 00:00:00,29.1,Osaka
1999-09-01 00:00:00,26.2,Tokyo
1999-09-01 00:00:00,27.2,Osaka
1999-10-01 00:00:00,19.5,Tokyo
1999-10-01 00:00:00,20.1,Osaka
1999-11-01 00:00:00,14.2,Tokyo
1999-11-01 00:00:00,14.1,Osaka
1999-12-01 00:00:00,9.0,Tokyo
1999-12-01 00:00:00,8.7,Osaka
2000-01-01 00:00:00,7.6,Tokyo
2000-01-01 00:00:00,7.0,Osaka
2000-02-01 00:00:00,6.0,Tokyo
2000-02-01 00:00:00,4.9,Osaka
2000-03-01 00:00:00,9.4,Tokyo
2000-03-01 00:00:00,8.9,Osaka
2000-04-01 00:00:00,14.5,Tokyo
2000-04-01 00:00:00,14.6,Osaka
2000-05-01 00:00:00,19.8,Tokyo
2000-05-01 00:00:00,20.7,Osaka
2000-06-01 00:00:00,22.5,Tokyo
2000-06-01 00:00:00,23.3,Osaka
2000-07-01 00:00:00,27.7,Tokyo
2000-07-01 00:00:00,28.7,Osaka
2000-08-01 00:00:00,28.3,Tokyo
2000-08-01 00:00:00,29.6,Osaka
2000-09-01 00:00:00,25.6,Tokyo
2000-09-01 00:00:00,25.8,Osaka
2000-10-01 00:00:00,18.8,Tokyo
2000-10-01 00:00:00,19.7,Osaka
2000-11-01 00:00:00,13.3,Tokyo
2000-11-01 00:00:00,14.6,Osaka
2000-12-01 00:00:00,8.8,Tokyo
2000-12-01 00:00:00,8.8,Osaka
2001-01-01 00:00:00,4.9,Tokyo
2001-01-01 00:00:00,5.2,Osaka
2001-02-01 00:00:00,6.6,Tokyo
2001-02-01 00:00:00,6.6,Osaka
2001-03-01 00:00:00,9.8,Tokyo
2001-03-01 00:00:00,9.7,Osaka
2001-04-01 00:00:00,15.7,Tokyo
2001-04-01 00:00:00,15.5,Osaka
2001-05-01 00:00:00,19.5,Tokyo
2001-05-01 00:00:00,20.6,Osaka
2001-06-01 00:00:00,23.1,Tokyo
2001-06-01 00:00:00,24.0,Osaka
2001-07-01 00:00:00,28.5,Tokyo
2001-07-01 00:00:00,29.2,Osaka
2001-08-01 00:00:00,26.4,Tokyo
2001-08-01 00:00:00,28.8,Osaka
2001-09-01 00:00:00,23.2,Tokyo
2001-09-01 00:00:00,24.4,Osaka
2001-10-01 00:00:00,18.7,Tokyo
2001-10-01 00:00:00,19.5,Osaka
2001-11-01 00:00:00,13.1,Tokyo
2001-11-01 00:00:00,13.2,Osaka
2001-12-01 00:00:00,8.4,Tokyo
2001-12-01 00:00:00,8.3,Osaka
2002-01-01 00:00:00,7.4,Tokyo
2002-01-01 00:00:00,7.2,Osaka
2002-02-01 00:00:00,7.9,Tokyo
2002-02-01 00:00:00,7.3,Osaka
2002-03-01 00:00:00,12.2,Tokyo
2002-03-01 00:00:00,11.6,Osaka
2002-04-01 00:00:00,16.1,Tokyo
2002-04-01 00:00:00,16.6,Osaka
2002-05-01 00:00:00,18.4,Tokyo
2002-05-01 00:00:00,20.0,Osaka
2002-06-01 00:00:00,21.6,Tokyo
2002-06-01 00:00:00,23.6,Osaka
2002-07-01 00:00:00,28.0,Tokyo
2002-07-01 00:00:00,29.0,Osaka
2002-08-01 00:00:00,28.0,Tokyo
2002-08-01 00:00:00,29.0,Osaka
2002-09-01 00:00:00,23.1,Tokyo
2002-09-01 00:00:00,25.1,Osaka
2002-10-01 00:00:00,19.0,Tokyo
2002-10-01 00:00:00,18.9,Osaka
2002-11-01 00:00:00,11.6,Tokyo
2002-11-01 00:00:00,11.1,Osaka
2002-12-01 00:00:00,7.2,Tokyo
2002-12-01 00:00:00,8.2,Osaka
2003-01-01 00:00:00,5.5,Tokyo
2003-01-01 00:00:00,5.1,Osaka
2003-02-01 00:00:00,6.4,Tokyo
2003-02-01 00:00:00,6.8,Osaka
2003-03-01 00:00:00,8.7,Tokyo
2003-03-01 00:00:00,8.4,Osaka
2003-04-01 00:00:00,15.1,Tokyo
2003-04-01 00:00:00,15.9,Osaka
2003-05-01 00:00:00,18.8,Tokyo
2003-05-01 00:00:00,20.2,Osaka
2003-06-01 00:00:00,23.2,Tokyo
2003-06-01 00:00:00,23.7,Osaka
2003-07-01 00:00:00,22.8,Tokyo
2003-07-01 00:00:00,25.3,Osaka
2003-08-01 00:00:00,26.0,Tokyo
2003-08-01 00:00:00,28.3,Osaka
2003-09-01 00:00:00,24.2,Tokyo
2003-09-01 00:00:00,25.9,Osaka
2003-10-01 00:00:00,17.8,Tokyo
2003-10-01 00:00:00,18.1,Osaka
2003-11-01 00:00:00,14.4,Tokyo
2003-11-01 00:00:00,15.5,Osaka
2003-12-01 00:00:00,9.2,Tokyo
2003-12-01 00:00:00,9.1,Osaka
2004-01-01 00:00:00,6.3,Tokyo
2004-01-01 00:00:00,5.8,Osaka
2004-02-01 00:00:00,8.5,Tokyo
2004-02-01 00:00:00,7.9,Osaka
2004-03-01 00:00:00,9.8,Tokyo
2004-03-01 00:00:00,10.2,Osaka
2004-04-01 00:00:00,16.4,Tokyo
2004-04-01 00:00:00,16.4,Osaka
2004-05-01 00:00:00,19.6,Tokyo
2004-05-01 00:00:00,21.1,Osaka
2004-06-01 00:00:00,23.7,Tokyo
2004-06-01 00:00:00,24.8,Osaka
2004-07-01 00:00:00,28.5,Tokyo
2004-07-01 00:00:00,29.5,Osaka
2004-08-01 00:00:00,27.2,Tokyo
2004-08-01 00:00:00,28.4,Osaka
2004-09-01 00:00:00,25.1,Tokyo
2004-09-01 00:00:00,26.2,Osaka
2004-10-01 00:00:00,17.5,Tokyo
2004-10-01 00:00:00,19.0,Osaka
2004-11-01 00:00:00,15.6,Tokyo
2004-11-01 00:00:00,15.2,Osaka
2004-12-01 00:00:00,9.9,Tokyo
2004-12-01 00:00:00,10.2,Osaka
2005-01-01 00:00:00,6.1,Tokyo
2005-01-01 00:00:00,6.2,Osaka
2005-02-01 00:00:00,6.2,Tokyo
2005-02-01 00:00:00,6.1,Osaka
2005-03-01 00:00:00,9.0,Tokyo
2005-03-01 00:00:00,9.2,Osaka
2005-04-01 00:00:00,15.1,Tokyo
2005-04-01 00:00:00,16.2,Osaka
2005-05-01 00:00:00,17.7,Tokyo
2005-05-01 00:00:00,19.5,Osaka
2005-06-01 00:00:00,23.2,Tokyo
2005-06-01 00:00:00,24.9,Osaka
2005-07-01 00:00:00,25.6,Tokyo
2005-07-01 00:00:00,27.5,Osaka
2005-08-01 00:00:00,28.1,Tokyo
2005-08-01 00:00:00,28.7,Osaka
2005-09-01 00:00:00,24.7,Tokyo
2005-09-01 00:00:00,26.1,Osaka
2005-10-01 00:00:00,19.2,Tokyo
2005-10-01 00:00:00,19.8,Osaka
2005-11-01 00:00:00,13.3,Tokyo
2005-11-01 00:00:00,13.7,Osaka
2005-12-01 00:00:00,6.4,Tokyo
2005-12-01 00:00:00,5.9,Osaka
2006-01-01 00:00:00,5.1,Tokyo
2006-01-01 00:00:00,5.5,Osaka
2006-02-01 00:00:00,6.7,Tokyo
2006-02-01 00:00:00,6.7,Osaka
2006-03-01 00:00:00,9.8,Tokyo
2006-03-01 00:00:00,8.6,Osaka
2006-04-01 00:00:00,13.6,Tokyo
2006-04-01 00:00:00,13.6,Osaka
2006-05-01 00:00:00,19.0,Tokyo
2006-05-01 00:00:00,19.7,Osaka
2006-06-01 00:00:00,22.5,Tokyo
2006-06-01 00:00:00,24.3,Osaka
2006-07-01 00:00:00,25.6,Tokyo
2006-07-01 00:00:00,27.2,Osaka
2006-08-01 00:00:00,27.5,Tokyo
2006-08-01 00:00:00,29.8,Osaka
2006-09-01 00:00:00,23.5,Tokyo
2006-09-01 00:00:00,24.6,Osaka
2006-10-01 00:00:00,19.5,Tokyo
2006-10-01 00:00:00,20.4,Osaka
2006-11-01 00:00:00,14.4,Tokyo
2006-11-01 00:00:00,14.8,Osaka
2006-12-01 00:00:00,9.5,Tokyo
2006-12-01 00:00:00,9.1,Osaka
2007-01-01 00:00:00,7.6,Tokyo
2007-01-01 00:00:00,7.5,Osaka
2007-02-01 00:00:00,8.6,Tokyo
2007-02-01 00:00:00,8.7,Osaka
2007-03-01 00:00:00,10.8,Tokyo
2007-03-01 00:00:00,10.1,Osaka
2007-04-01 00:00:00,13.7,Tokyo
2007-04-01 00:00:00,14.6,Osaka
2007-05-01 00:00:00,19.8,Tokyo
2007-05-01 00:00:00,19.8,Osaka
2007-06-01 00:00:00,23.2,Tokyo
2007-06-01 00:00:00,23.6,Osaka
2007-07-01 00:00:00,24.4,Tokyo
2007-07-01 00:00:00,25.9,Osaka
2007-08-01 00:00:00,29.0,Tokyo
2007-08-01 00:00:00,29.9,Osaka
2007-09-01 00:00:00,25.2,Tokyo
2007-09-01 00:00:00,27.2,Osaka
2007-10-01 00:00:00,19.0,Tokyo
2007-10-01 00:00:00,20.0,Osaka
2007-11-01 00:00:00,13.3,Tokyo
2007-11-01 00:00:00,13.7,Osaka
2007-12-01 00:00:00,9.0,Tokyo
2007-12-01 00:00:00,9.6,Osaka
2008-01-01 00:00:00,5.9,Tokyo
2008-01-01 00:00:00,5.8,Osaka
2008-02-01 00:00:00,5.5,Tokyo
2008-02-01 00:00:00,5.1,Osaka
2008-03-01 00:00:00,10.7,Tokyo
2008-03-01 00:00:00,10.8,Osaka
2008-04-01 00:00:00,14.7,Tokyo
2008-04-01 00:00:00,15.4,Osaka
2008-05-01 00:00:00,18.5,Tokyo
2008-05-01 00:00:00,20.0,Osaka
2008-06-01 00:00:00,21.3,Tokyo
2008-06-01 00:00:00,23.1,Osaka
2008-07-01 00:00:00,27.0,Tokyo
2008-07-01 00:00:00,28.7,Osaka
2008-08-01 00:00:00,26.8,Tokyo
2008-08-01 00:00:00,28.4,Osaka
2008-09-01 00:00:00,24.4,Tokyo
2008-09-01 00:00:00,24.5,Osaka
2008-10-01 00:00:00,19.4,Tokyo
2008-10-01 00:00:00,19.6,Osaka
2008-11-01 00:00:00,13.1,Tokyo
2008-11-01 00:00:00,13.4,Osaka
2008-12-01 00:00:00,9.8,Tokyo
2008-12-01 00:00:00,9.1,Osaka
2009-01-01 00:00:00,6.8,Tokyo
2009-01-01 00:00:00,6.5,Osaka
2009-02-01 00:00:00,7.8,Tokyo
2009-02-01 00:00:00,7.9,Osaka
2009-03-01 00:00:00,10.0,Tokyo
2009-03-01 00:00:00,9.7,Osaka
2009-04-01 00:00:00,15.7,Tokyo
2009-04-01 00:00:00,15.5,Osaka
2009-05-01 00:00:00,20.1,Tokyo
2009-05-01 00:00:00,19.7,Osaka
2009-06-01 00:00:00,22.5,Tokyo
2009-06-01 00:00:00,24.0,Osaka
2009-07-01 00:00:00,26.3,Tokyo
2009-07-01 00:00:00,27.3,Osaka
2009-08-01 00:00:00,26.6,Tokyo
2009-08-01 00:00:00,28.0,Osaka
2009-09-01 00:00:00,23.0,Tokyo
2009-09-01 00:00:00,24.5,Osaka
2009-10-01 00:00:00,19.0,Tokyo
2009-10-01 00:00:00,19.2,Osaka
2009-11-01 00:00:00,13.5,Tokyo
2009-11-01 00:00:00,13.6,Osaka
2009-12-01 00:00:00,9.0,Tokyo
2009-12-01 00:00:00,8.7,Osaka
2010-01-01 00:00:00,7.0,Tokyo
2010-01-01 00:00:00,6.1,Osaka
2010-02-01 00:00:00,6.5,Tokyo
2010-02-01 00:00:00,7.8,Osaka
2010-03-01 00:00:00,9.1,Tokyo
2010-03-01 00:00:00,9.6,Osaka
2010-04-01 00:00:00,12.4,Tokyo
2010-04-01 00:00:00,13.6,Osaka
2010-05-01 00:00:00,19.0,Tokyo
2010-05-01 00:00:00,18.8,Osaka
2010-06-01 00:00:00,23.6,Tokyo
2010-06-01 00:00:00,23.9,Osaka
2010-07-01 00:00:00,28.0,Tokyo
2010-07-01 00:00:00,27.9,Osaka
2010-08-01 00:00:00,29.6,Tokyo
2010-08-01 00:00:00,30.5,Osaka
2010-09-01 00:00:00,25.1,Tokyo
2010-09-01 00:00:00,26.7,Osaka
2010-10-01 00:00:00,18.9,Tokyo
2010-10-01 00:00:00,19.9,Osaka
2010-11-01 00:00:00,13.5,Tokyo
2010-11-01 00:00:00,13.2,Osaka
2010-12-01 00:00:00,9.9,Tokyo
2010-12-01 00:00:00,9.0,Osaka
2011-01-01 00:00:00,5.1,Tokyo
2011-01-01 00:00:00,4.4,Osaka
2011-02-01 00:00:00,7.0,Tokyo
2011-02-01 00:00:00,7.4,Osaka
2011-03-01 00:00:00,8.1,Tokyo
2011-03-01 00:00:00,8.1,Osaka
2011-04-01 00:00:00,14.5,Tokyo
2011-04-01 00:00:00,13.8,Osaka
2011-05-01 00:00:00,18.5,Tokyo
2011-05-01 00:00:00,19.6,Osaka
2011-06-01 00:00:00,22.8,Tokyo
2011-06-01 00:00:00,24.2,Osaka
2011-07-01 00:00:00,27.3,Tokyo
2011-07-01 00:00:00,27.8,Osaka
2011-08-01 00:00:00,27.5,Tokyo
2011-08-01 00:00:00,28.9,Osaka
2011-09-01 00:00:00,25.1,Tokyo
2011-09-01 00:00:00,25.2,Osaka
2011-10-01 00:00:00,19.5,Tokyo
2011-10-01 00:00:00,19.5,Osaka
2011-11-01 00:00:00,14.9,Tokyo
2011-11-01 00:00:00,15.2,Osaka
2011-12-01 00:00:00,7.5,Tokyo
2011-12-01 00:00:00,8.1,Osaka
2012-01-01 00:00:00,4.8,Tokyo
2012-01-01 00:00:00,5.6,Osaka
2012-02-01 00:00:00,5.4,Tokyo
2012-02-01 00:00:00,5.1,Osaka
2012-03-01 00:00:00,8.8,Tokyo
2012-03-01 00:00:00,9.1,Osaka
2012-04-01 00:00:00,14.5,Tokyo
2012-04-01 00:00:00,15.2,Osaka
2012-05-01 00:00:00,19.6,Tokyo
2012-05-01 00:00:00,19.6,Osaka
2012-06-01 00:00:00,21.4,Tokyo
2012-06-01 00:00:00,23.0,Osaka
2012-07-01 00:00:00,26.4,Tokyo
2012-07-01 00:00:00,27.8,Osaka
2012-08-01 00:00:00,29.1,Tokyo
2012-08-01 00:00:00,29.4,Osaka
2012-09-01 00:00:00,26.2,Tokyo
2012-09-01 00:00:00,26.0,Osaka
2012-10-01 00:00:00,19.4,Tokyo
2012-10-01 00:00:00,19.3,Osaka
2012-11-01 00:00:00,12.7,Tokyo
2012-11-01 00:00:00,12.4,Osaka
2012-12-01 00:00:00,7.3,Tokyo
2012-12-01 00:00:00,6.6,Osaka
2013-01-01 00:00:00,5.5,Tokyo
2013-01-01 00:00:00,5.2,Osaka
2013-02-01 00:00:00,6.2,Tokyo
2013-02-01 00:00:00,5.6,Osaka
2013-03-01 00:00:00,12.1,Tokyo
2013-03-01 00:00:00,10.7,Osaka
2013-04-01 00:00:00,15.2,Tokyo
2013-04-01 00:00:00,14.3,Osaka
2013-05-01 00:00:00,19.8,Tokyo
2013-05-01 00:00:00,19.8,Osaka
2013-06-01 00:00:00,22.9,Tokyo
2013-06-01 00:00:00,24.3,Osaka
2013-07-01 00:00:00,27.3,Tokyo
2013-07-01 00:00:00,28.5,Osaka
2013-08-01 00:00:00,29.2,Tokyo
2013-08-01 00:00:00,30.0,Osaka
2013-09-01 00:00:00,25.2,Tokyo
2013-09-01 00:00:00,25.1,Osaka
2013-10-01 00:00:00,19.8,Tokyo
2013-10-01 00:00:00,20.8,Osaka
2013-11-01 00:00:00,13.5,Tokyo
2013-11-01 00:00:00,12.9,Osaka
2013-12-01 00:00:00,8.3,Tokyo
2013-12-01 00:00:00,7.8,Osaka
2014-01-01 00:00:00,6.3,Tokyo
2014-01-01 00:00:00,5.9,Osaka
2014-02-01 00:00:00,5.9,Tokyo
2014-02-01 00:00:00,5.8,Osaka
2014-03-01 00:00:00,10.4,Tokyo
2014-03-01 00:00:00,9.9,Osaka
2014-04-01 00:00:00,15.0,Tokyo
2014-04-01 00:00:00,14.8,Osaka
2014-05-01 00:00:00,20.3,Tokyo
2014-05-01 00:00:00,19.8,Osaka
2014-06-01 00:00:00,23.4,Tokyo
2014-06-01 00:00:00,23.9,Osaka
2014-07-01 00:00:00,26.8,Tokyo
2014-07-01 00:00:00,27.8,Osaka
2014-08-01 00:00:00,27.7,Tokyo
2014-08-01 00:00:00,27.8,Osaka
2014-09-01 00:00:00,23.2,Tokyo
2014-09-01 00:00:00,24.0,Osaka
2014-10-01 00:00:00,19.1,Tokyo
2014-10-01 00:00:00,19.5,Osaka
2014-11-01 00:00:00,14.2,Tokyo
2014-11-01 00:00:00,14.2,Osaka
2014-12-01 00:00:00,6.7,Tokyo
2014-12-01 00:00:00,6.8,Osaka
2015-01-01 00:00:00,5.8,Tokyo
2015-01-01 00:00:00,6.1,Osaka
2015-02-01 00:00:00,5.7,Tokyo
2015-02-01 00:00:00,6.9,Osaka
2015-03-01 00:00:00,10.3,Tokyo
2015-03-01 00:00:00,10.2,Osaka
2015-04-01 00:00:00,14.5,Tokyo
2015-04-01 00:00:00,15.9,Osaka
2015-05-01 00:00:00,21.1,Tokyo
2015-05-01 00:00:00,21.5,Osaka
2015-06-01 00:00:00,22.1,Tokyo
2015-06-01 00:00:00,22.9,Osaka
2015-07-01 00:00:00,26.2,Tokyo
2015-07-01 00:00:00,27.0,Osaka
2015-08-01 00:00:00,26.7,Tokyo
2015-08-01 00:00:00,28.6,Osaka
2015-09-01 00:00:00,22.6,Tokyo
2015-09-01 00:00:00,23.2,Osaka
2015-10-01 00:00:00,18.4,Tokyo
2015-10-01 00:00:00,19.0,Osaka
2015-11-01 00:00:00,13.9,Tokyo
2015-11-01 00:00:00,15.2,Osaka
2015-12-01 00:00:00,9.3,Tokyo
2015-12-01 00:00:00,10.1,Osaka
2016-01-01 00:00:00,6.1,Tokyo
2016-01-01 00:00:00,6.8,Osaka
2016-02-01 00:00:00,7.2,Tokyo
2016-02-01 00:00:00,7.4,Osaka
2016-03-01 00:00:00,10.1,Tokyo
2016-03-01 00:00:00,10.8,Osaka
2016-04-01 00:00:00,15.4,Tokyo
2016-04-01 00:00:00,16.6,Osaka
2016-05-01 00:00:00,20.2,Tokyo
2016-05-01 00:00:00,21.2,Osaka
2016-06-01 00:00:00,22.4,Tokyo
2016-06-01 00:00:00,23.3,Osaka
2016-07-01 00:00:00,25.4,Tokyo
2016-07-01 00:00:00,28.0,Osaka
2016-08-01 00:00:00,27.1,Tokyo
2016-08-01 00:00:00,29.5,Osaka
2016-09-01 00:00:00,24.4,Tokyo
2016-09-01 00:00:00,25.8,Osaka
2016-10-01 00:00:00,18.7,Tokyo
2016-10-01 00:00:00,20.3,Osaka
2016-11-01 00:00:00,11.4,Tokyo
2016-11-01 00:00:00,13.4,Osaka
2016-12-01 00:00:00,8.9,Tokyo
2016-12-01 00:00:00,9.4,Osaka
2017-01-01 00:00:00,5.8,Tokyo
2017-01-01 00:00:00,6.2,Osaka
2017-02-01 00:00:00,6.9,Tokyo
2017-02-01 00:00:00,6.3,Osaka
2017-03-01 00:00:00,8.5,Tokyo
2017-03-01 00:00:00,9.2,Osaka
2017-04-01 00:00:00,14.7,Tokyo
2017-04-01 00:00:00,15.7,Osaka
2017-05-01 00:00:00,20.0,Tokyo
2017-05-01 00:00:00,21.1,Osaka
2017-06-01 00:00:00,22.0,Tokyo
2017-06-01 00:00:00,22.7,Osaka
2017-07-01 00:00:00,27.3,Tokyo
2017-07-01 00:00:00,28.8,Osaka
2017-08-01 00:00:00,26.4,Tokyo
2017-08-01 00:00:00,29.2,Osaka
2017-09-01 00:00:00,22.8,Tokyo
2017-09-01 00:00:00,24.4,Osaka
2017-10-01 00:00:00,16.8,Tokyo
2017-10-01 00:00:00,18.4,Osaka
2017-11-01 00:00:00,11.9,Tokyo
2017-11-01 00:00:00,12.6,Osaka
2017-12-01 00:00:00,6.6,Tokyo
2017-12-01 00:00:00,7.0,Osaka
2018-01-01 00:00:00,4.7,Tokyo
2018-01-01 00:00:00,5.0,Osaka
2018-02-01 00:00:00,5.4,Tokyo
2018-02-01 00:00:00,5.3,Osaka
2018-03-01 00:00:00,11.5,Tokyo
2018-03-01 00:00:00,11.5,Osaka
2018-04-01 00:00:00,17.0,Tokyo
2018-04-01 00:00:00,16.9,Osaka
2018-05-01 00:00:00,19.8,Tokyo
2018-05-01 00:00:00,20.1,Osaka
2018-06-01 00:00:00,22.4,Tokyo
2018-06-01 00:00:00,23.4,Osaka
2018-07-01 00:00:00,28.3,Tokyo
2018-07-01 00:00:00,29.5,Osaka
2018-08-01 00:00:00,28.1,Tokyo
2018-08-01 00:00:00,29.7,Osaka
2018-09-01 00:00:00,22.9,Tokyo
2018-09-01 00:00:00,24.1,Osaka
2018-10-01 00:00:00,19.1,Tokyo
2018-10-01 00:00:00,19.7,Osaka
2018-11-01 00:00:00,14.0,Tokyo
2018-11-01 00:00:00,14.6,Osaka
2018-12-01 00:00:00,8.3,Tokyo
2018-12-01 00:00:00,9.4,Osaka
